{
  "version": 1,
  "author": "Faiza",
  "editor": "wokwi",
  "parts": [
    {
      "type": "board-esp32-s3-devkitc-1",
      "id": "esp",
      "top": 0,
      "left": 0,
      "attrs": { "env": "micropython-20231227-v1.22.0", "flashSize": "8" }
    },
    {
      "type": "board-ssd1306",
      "id": "oled1",
      "top": 233.54,
      "left": -162.97,
      "attrs": { "i2cAddress": "0x3c" }
    },
    { "type": "wokwi-dht22", "id": "dht1", "top": -47.7, "left": -139.8, "attrs": {} }
  ],
  "connections": [
    [ "esp:TX", "$serialMonitor:RX", "", [] ],
    [ "esp:RX", "$serialMonitor:TX", "", [] ],
    [ "oled1:GND", "esp:GND.1", "black", [ "v0" ] ],
    [ "oled1:VCC", "esp:5V", "red", [ "v0" ] ],
    [ "oled1:SCL", "esp:9", "green", [ "v0" ] ],
    [ "oled1:SDA", "esp:8", "green", [ "v0" ] ],
    [ "dht1:VCC", "esp:5V", "red", [ "v105.6", "h96" ] ],
    [ "dht1:SDA", "esp:4", "green", [ "v-57.6", "h86.5" ] ],
    [ "dht1:GND", "esp:GND.1", "black", [ "v0" ] ]
  ],
  "dependencies": {}
}